CODE,NAME,WEBSITE,EMAIL
044,Access Bank PLC,www.accessbankplc.com,info@accessbankplc.com
023,Citibank Nigeria Limited,www.citibank.com,nigeria.whistleblowing@citi.com
501,Ecobank Nigeria PLC,www.ecobank.com,ecobank@ecobank.com
070,Fidelity Bank PLC,www.fidelitybank.ng,true.serve@fidelitybank.ng
011,First Bank Nigeria Limited,www.firstbanknigeria.com,firstcontact@firstbanknigeria.com
214,First City Monument Bank PLC,www.fcmb.com,caf@firstcitygroup.com
103,Globus Bank Limited,www.globusbank.com,contactcenter@globusbank.com
058,Guaranty Trust Bank PLC,www.gtbank.com,complaints@gtbank.com
030,Heritage Banking Company Ltd.,www.hbng.com,info@hbng.com
082,Key Stone Bank,www.keystonebankng.com,contactcentre@keystonebankng.com
076,Polaris Bank,www.polarisbanklimited.com,yescenter@polarisbanklimited.com
101,Providus Bank,www.providusbank.com,providus@providusbank.com
221,Stanbic IBTC Bank Ltd.,www.stanbicibtc.com,customerservice@ibtc.com
068,Standard Chartered Bank Nigeria Ltd.,www.ng.standardchartered.com,stanchart.info@ng.standardchartered.com
232,Sterling Bank Plc,www.sterlingbankng.com,webmaster@sterlingbankng.com
100,SunTrust Bank Nigeria Limited,www.suntrustng.com,helpdesk@suntrustng.com
102,Titan Trust Bank Ltd,www.titantrustbank.com,contactcentre@titantrustbank.com
032,Union Bank of Nigeria Plc,www.unionbankng.com,customerservice@unionbankng.com
033,United Bank For Africa PLC,www.ubagroup.com,cfc@ubagroup.com
215,Unity Bank Plc,www.unitybankng.com,we_care@unitybankng.com
035,Wema Bank Plc,www.wemabank.com,info@wemabank.com
057,Zenith Bank Plc,www.zenithbank.com,enquiry@zenithbank.com
